USE RevelstokeMountainResort

INSERT INTO Versants.Versant (Nom, AltituteMaxChaise)  
VALUES  
('North Bowl', 1920),  
('South Bowl', 2225);

GO

INSERT INTO Versants.Remontee (Nom, Longeur, TempEnMinute, Vitesse, NbPylone, Type, AnneeConstruction, VersantID)  
VALUES  
('Revelation I', 1025, 3, 5.03, 10, 'Télécabine 8 places', 2008, 2),  
('Revelation II', 2392, 8, 5.03, 25, 'Télécabine 8 places', 2007, 2),  
('The Stoke', 1902, 6, 5.08, 23, 'Télésiège débrayable 4 places', 2007, 2),  
('The Ripper', 1880, 6, 5.08, 21, 'Télésiège débrayable 4 places', 2008, 1),  
('Stellar', 446, 3, 2.30, 5, 'Télésiège fixe 4 places', 2019, 2);

GO

INSERT INTO Versants.Piste(Nom, Longeur, Difficulte, EstSousBois, VersantID)
VALUES
('big woody', 1500, 'Double Noir', 0, 1),
('chopper', 1200, 'Noir', 0, 1),
('the ripper', 1100, 'Noir', 0, 2),
('burn down', 1400, 'Noir', 0, 2),
('simmer down', 1250, 'Noir', 0, 2),
('sub peak drop in', 1600, 'Double Noir', 0, 1),
('mania', 1700, 'Double Noir', 0, 1),
('sweet spot', 1400, 'Bleu', 0, 2),
('meet the neighbours', 1500, 'Bleu', 0, 2),
('vertigo ridge', 1500, 'Double Noir', 0, 1),
('stay hungry', 1600, 'Double Noir', 0, 1),
('pyromania', 1400, 'Double Noir', 0, 1),
('hysteria', 1350, 'Double Noir', 0, 2),
('metalhealth', 1450, 'Double Noir', 0, 1),
('meta', 1550, 'Double Noir', 0, 2),
('jalapeño', 1200, 'Noir', 0, 2),
('hot sauce', 1250, 'Noir', 0, 2),
('tally-ho glades', 1300, 'Noir', 1, 2),
('separate reality bowl', 1400, 'Double Noir', 0, 1),
('the-stoke', 1250, 'Noir', 0, 1),
('bread & butter', 1100, 'Bleu', 0, 2),
('pitch black-upper', 1450, 'Noir', 0, 1),
('clyde''s secret glades', 1350, 'Noir', 1, 1),
('the last spike-upper', 1200, 'Vert', 0, 1),
('snow rodeo-upper', 1300, 'Noir', 0, 2),
('stihl life glades', 1400, 'Noir', 1, 1),
('iron glaiden', 1300, 'Noir', 1, 2),
('ninja traverse', 1150, 'Bleu', 0, 1),
('devil''s club-upper', 1500, 'Noir', 0, 1),
('tasty glades', 1250, 'Noir', 1, 2),
('ripper connector', 1100, 'Vert', 0, 2),
('kill-the banker', 1300, 'Noir', 00, 2),
('conifers of gnarnia glades', 1400, 'Noir', 1, 1),
('hollywood', 1200, 'Bleu', 0, 2),
('the last spike-mid', 1150, 'Vert', 0, 2),
('feller buncher', 1100, 'Bleu', 0, 2),
('cannonball', 1300, 'Noir', 0, 2),
('wooley bully', 1200, 'Bleu', 0, 2),
('snow rodeo-mid', 1250, 'Bleu', 0, 2),
('revelation-short final', 1100, 'Bleu', 0, 2),
('pitch black-mid', 1450, 'Noir', 0, 1),
('lightning rod', 1350, 'Bleu', 0, 1),
('critical path', 1400, 'Bleu', 0, 2),
('007', 1300, 'Noir', 0, 2),
('aspen glades', 1200, 'Noir', 1, 2),
('little bit', 1100, 'Vert', 0, 2),
('tickle trunk', 1200, 'Bleu', 0, 2),
('revelation', 1400, 'Double Noir', 0, 2),
('home run', 1300, 'Bleu', 0, 2),
('locomotion', 1250, 'Bleu', 0, 2),
('follow me', 1100, 'Bleu', 0, 2),
('the last spike-lower', 1050, 'Vert', 0, 2),
('snow rodeo-lower', 1150, 'Bleu', 0, 2),
('tumbelina', 1200, 'Bleu', 0, 2),
('short shot', 1350, 'Noir', 0, 1),
('sunshine', 1100, 'Vert', 0, 2),
('devils club-lower', 1500, 'Noir', 0, 1),
('last chance', 1250, 'Bleu', 0, 2),
('fast fred''s', 1300, 'Bleu', 0, 2),
('hickory run', 1350, 'Noir', 0, 1),
('devil''s club-mid', 1450, 'Noir', 0, 2),
('canes', 1300, 'Noir', 0, 2),
('mehues', 1250, 'Noir', 0, 1),
('powder monkey glades', 1400, 'Noir', 1, 1),
('lower back glades', 1300, 'Noir', 1, 1),
('towner', 1200, 'Vert', 0, 2),
('snorkel glades', 1300, 'Noir', 1, 2),
('blow down', 1100, 'Bleu', 0, 2),
('sally alley', 1000, 'Vert', 0, 2),
('denver dollars', 1200, 'Bleu', 0, 2),
('vector glades', 1300, 'Noir', 1, 2),
('glades of glory', 1400, 'Noir', 1, 1),
('downtowner', 1150, 'Vert', 0, 2),
('big bend', 1250, 'Vert', 0, 2),
('wactically prom', 1200, 'Bleu', 0, 2),
('over easy', 1300, 'Vert', 0, 2),
('boondocker', 1400, 'Vert', 0, 2),
('stop at the road glades', 1350, 'Noir', 1, 2);
GO

INSERT INTO Clients.Client (Nom, Prenom, Courriel, NumTel)
VALUES
-- Clients avec des numéros de téléphone variés
('Dupont', 'Jean', 'jean.dupont@example.com', '(250) 837-1234'),
('Lemoine', 'Claire', 'claire.lemoine@example.com', '(778) 555-5678'),
('Martin', 'Pierre', 'pierre.martin@example.com', '(604) 234-5678'),
('Gagnon', 'Sophie', 'sophie.gagnon@example.com', '(250) 937-2345'),
('Bernier', 'Luc', 'luc.bernier@example.com', '(604) 555-1234'),
('Boucher', 'Élise', 'elise.boucher@example.com', '(778) 555-2345'),
('Thibault', 'Caroline', 'caroline.thibault@example.com', '(250) 344-2345'),
('Simard', 'Claude', 'claude.simard@example.com', '(604) 555-6789'),
('Côté', 'Marc', 'marc.cote@example.com', '(250) 265-1234'),
('Dufresne', 'Isabelle', 'isabelle.dufresne@example.com', '(778) 555-6789'),
('Lafleur', 'André', 'andre.lafleur@example.com', '(250) 545-1234'),
('Ouellet', 'Frédéric', 'frederic.ouellet@example.com', '(604) 555-2345'),
('Bélanger', 'Éric', 'eric.belanger@example.com', '(778) 555-1234'),
('Simard', 'Julie', 'julie.simard@example.com', '(250) 860-5678'),
('Gauthier', 'David', 'david.gauthier@example.com', '(604) 555-9876'),
('Lavigne', 'Monique', 'monique.lavigne@example.com', '(250) 372-5678'),
('Ouellet', 'Lucie', 'lucie.ouellet@example.com', '(778) 555-2345'),
('Thibault', 'Marc', 'marc.thibault@example.com', '(604) 555-8765'),
('Dion', 'Michel', 'michel.dion@example.com', '(250) 344-2345'),
('Gauthier', 'Chantal', 'chantal.gauthier@example.com', '(778) 555-3456'),
('Poirier', 'Jacinthe', 'jacinthe.poirier@example.com', '(604) 555-1234'),
('Dufresne', 'Paul', 'paul.dufresne@example.com', '(250) 265-5678'),
('Lafleur', 'Sylvie', 'sylvie.lafleur@example.com', '(778) 555-4567'),
('Simard', 'Denis', 'denis.simard@example.com', '(250) 545-2345'),
('Bélanger', 'Lucie', 'lucie.belanger@example.com', '(604) 555-4321'),
('Simard', 'Claude', 'claude.simard@example.com', '(250) 860-2345'),
('Gauthier', 'Monique', 'monique.gauthier@example.com', '(778) 555-6789'),
('Lavigne', 'Gilles', 'gilles.lavigne@example.com', '(250) 372-6789'),
('Ouellet', 'Lucie', 'lucie.ouellet@example.com', '(604) 555-7654'),
('Thibault', 'Caroline', 'caroline.thibault@example.com', '(250) 837-3456'),
('Ouellet', 'Francois', 'francois.ouellet@example.com', '(604) 555-3456'),
('Boucher', 'Renée', 'renee.boucher@example.com', '(778) 555-2345'),
('Dufresne', 'Jacques', 'jacques.dufresne@example.com', '(250) 265-3456'),
('Lafleur', 'Denis', 'denis.lafleur@example.com', '(778) 555-1234'),
('Lavigne', 'Julie', 'julie.lavigne@example.com', '(250) 860-5678'),
('Lemoine', 'Jacques', 'jacques.lemoine@example.com', '(604) 555-4321'),
('Bélanger', 'Claude', 'claude.belanger@example.com', '(250) 545-6789'),
('Lemoine', 'Robert', 'robert.lemoine@example.com', '(778) 555-2345'),
('Simard', 'Hélène', 'helene.simard@example.com', '(250) 860-3456'),
('Côté', 'Jean-Pierre', 'jean-pierre.cote@example.com', '(604) 555-5678'),
('Boucher', 'Michel', 'michel.boucher@example.com', '(250) 837-1234'),
('Dufresne', 'Sophie', 'sophie.dufresne@example.com', '(778) 555-3456'),
('Thibault', 'Marie', 'marie.thibault@example.com', '(250) 265-2345'),
('Dufresne', 'Éric', 'eric.dufresne@example.com', '(250) 545-2345'),
('Lemoine', 'Sylvie', 'sylvie.lemoine@example.com', '(778) 555-1234'),
('Bélanger', 'Gilles', 'gilles.belanger@example.com', '(604) 555-2345'),
('Simard', 'Monique', 'monique.simard@example.com', '(250) 860-2345'),
('Gauthier', 'Jacques', 'jacques.gauthier@example.com', '(604) 555-3456'),
('Lavigne', 'Robert', 'robert.lavigne@example.com', '(250) 837-2345'),
('Ouellet', 'Geneviève', 'genevieve.ouellet@example.com', '(250) 265-5678'),
('Lafleur', 'Julie', 'julie.lafleur@example.com', '(250) 545-6789'),
('Simard', 'Gilles', 'gilles.simard@example.com', '(250) 860-3456'),
('Dufresne', 'Pierre', 'pierre.dufresne@example.com', '(250) 837-3456'),
('Thibault', 'Michel', 'michel.thibault@example.com', '(778) 555-7654'),
('Boucher', 'Éric', 'eric.boucher@example.com', '(250) 265-6789'),
('Lemoine', 'Michel', 'michel.lemoine@example.com', '(250) 545-1234'),
('Dufresne', 'Antoine', 'antoine.dufresne@example.com', '(778) 555-6543'),
('Lafleur', 'Jean', 'jean.lafleur@example.com', '(604) 555-6543'),
('Gagnon', 'Suzanne', 'suzanne.gagnon@example.com', '(250) 860-1234'),
('Simard', 'Paul', 'paul.simard@example.com', '(604) 555-7654'),
('Bélanger', 'Suzanne', 'suzanne.belanger@example.com', '(250) 265-2345'),
('Lemoine', 'Michel', 'michel.lemoine@example.com', '(778) 555-7654'),
('Thibault', 'Jacques', 'jacques.thibault@example.com', '(250) 837-2345'),
('Simard', 'Denis', 'denis.simard@example.com', '(604) 555-9876'),
('Gauthier', 'Sophie', 'sophie.gauthier@example.com', '(250) 860-5678'),
('Lavigne', 'Claude', 'claude.lavigne@example.com', '(250) 265-9876'),
('Boucher', 'Julie', 'julie.boucher@example.com', '(778) 555-1234'),
('Dufresne', 'Jérôme', 'jerome.dufresne@example.com', '(604) 555-2345'),
('Ouellet', 'Élise', 'elise.ouellet@example.com', '(778) 555-6789'),
('Côté', 'Sébastien', 'sebastien.cote@example.com', '(250) 265-8765'),
('Thibault', 'Véronique', 'veronique.thibault@example.com', '(250) 545-2345'),
('Gauthier', 'Michel', 'michel.gauthier@example.com', '(778) 555-9876'),
('Lemoine', 'Denise', 'denise.lemoine@example.com', '(250) 860-1234'),
('Bélanger', 'Hélène', 'helene.belanger@example.com', '(250) 837-3456'),
('Ouellet', 'Pierre', 'pierre.ouellet@example.com', '(778) 555-2345'),
('Dufresne', 'Félix', 'felix.dufresne@example.com', '(250) 265-2345'),
('Simard', 'Josée', 'josee.simard@example.com', '(604) 555-8765'),
('Lafleur', 'Vincent', 'vincent.lafleur@example.com', '(250) 837-1234'),
('Thibault', 'Julien', 'julien.thibault@example.com', '(604) 555-3456'),
('Boucher', 'Catherine', 'catherine.boucher@example.com', '(250) 265-3456'),
('Ouellet', 'Clara', 'clara.ouellet@example.com', '(778) 555-7654'),
('Gauthier', 'Sébastien', 'sebastien.gauthier@example.com', '(250) 545-1234'),
('Lemoine', 'Gabriel', 'gabriel.lemoine@example.com', '(250) 860-3456'),
('Lemoine', 'Jacques', 'jacques.lemoine@example.com', '(604) 555-4321'),
('Simard', 'Sophie', 'sophie.simard@example.com', '(778) 555-9876'),
('Thibault', 'René', 'rene.thibault@example.com', '(250) 837-5678'),
('Dufresne', 'Charlotte', 'charlotte.dufresne@example.com', '(604) 555-8765'),
('Bélanger', 'Lise', 'lise.belanger@example.com', '(250) 860-9876'),
('Lafleur', 'Gilles', 'gilles.lafleur@example.com', '(778) 555-7654'),
('Simard', 'Michel', 'michel.simard@example.com', '(250) 837-8765'),
('Ouellet', 'François', 'francois.ouellet@example.com', '(604) 555-3456'),
('Lemoine', 'Christine', 'christine.lemoine@example.com', '(250) 265-2345'),
('Boucher', 'Alice', 'alice.boucher@example.com', '(250) 860-2345'),
('Thibault', 'Pauline', 'pauline.thibault@example.com', '(604) 555-2345'),
('Simard', 'Benoît', 'benoit.simard@example.com', '(778) 555-8765'),
('Gauthier', 'Catherine', 'catherine.gauthier@example.com', '(250) 837-1234'),
('Lafleur', 'René', 'rene.lafleur@example.com', '(250) 265-7654'),
('Dufresne', 'Michel', 'michel.dufresne@example.com', '(250) 860-1234'),
('Ouellet', 'Marc', 'marc.ouellet@example.com', '(604) 555-6543'),
('Thibault', 'Claire', 'claire.thibault@example.com', '(778) 555-4321'),
('Lemoine', 'Benoit', 'benoit.lemoine@example.com', '(250) 545-8765'),
('Boucher', 'Sophie', 'sophie.boucher@example.com', '(250) 265-3456'),
('Simard', 'Lucie', 'lucie.simard@example.com', '(604) 555-7654'),
('Gauthier', 'Yannick', 'yannick.gauthier@example.com', '(250) 860-5678'),
('Lafleur', 'Isabelle', 'isabelle.lafleur@example.com', '(250) 837-2345'),
('Dufresne', 'Laurence', 'laurence.dufresne@example.com', '(250) 265-2345'),
('Simard', 'René', 'rene.simard@example.com', '(778) 555-6789'),
('Ouellet', 'Denis', 'denis.ouellet@example.com', '(604) 555-9876'),
('Lemoine', 'André', 'andre.lemoine@example.com', '(250) 545-5678'),
('Boucher', 'Claude', 'claude.boucher@example.com', '(250) 860-2345'),
('Thibault', 'Sébastien', 'sebastien.thibault@example.com', '(604) 555-3456'),
('Simard', 'Véronique', 'veronique.simard@example.com', '(250) 837-2345'),
('Gauthier', 'Julie', 'julie.gauthier@example.com', '(250) 265-7654'),
('Lafleur', 'Jacques', 'jacques.lafleur@example.com', '(778) 555-3456'),
('Dufresne', 'Isabelle', 'isabelle.dufresne@example.com', '(250) 860-7654');

GO

INSERT INTO Clients.Adresse(NumPorte, NumAppartement, Rue, CodePostal, Ville, Province, ClientID)
VALUES
(101, NULL, '1234 Main St', 'T1A 1A1', 'Lethbridge', 'Alberta', 1),
(202, NULL, '5678 2nd Ave', 'T2G 1B3', 'Calgary', 'Alberta', 2),
(303, NULL, '91011 3rd Ave', 'T3H 2X5', 'Edmonton', 'Alberta', 3),
(404, 1, '4567 4th St', 'T4C 3A2', 'Red Deer', 'Alberta', 4),
(505, NULL, '7890 5th Ave', 'T5H 4P6', 'Fort McMurray', 'Alberta', 5),
(123, NULL, '8912 123rd St', 'T6A 3H5', 'Grande Prairie', 'Alberta', 6),
(134, NULL, '2001 234th Ave', 'T7Z 2L4', 'Medicine Hat', 'Alberta', 7),
(145, NULL, '1200 45th St NW', 'T1V 1B7', 'Banff', 'Alberta', 8),
(156, 2, '3456 10th St', 'T2N 1Y8', 'Jasper', 'Alberta', 9),
(167, NULL, '5678 16th St', 'T9B 3X7', 'Hinton', 'Alberta', 10),
(178, NULL, '9999 5th Ave', 'T8E 1N3', 'Drayton Valley', 'Alberta', 11),
(179, NULL, '2468 7th St', 'V1A 1B1', 'Revelstoke', 'Colombie-Britannique', 12),
(180, NULL, '1357 8th Ave', 'V2X 3Z5', 'Kelowna', 'Colombie-Britannique', 13),
(181, NULL, '9876 9th St', 'V0X 1Y4', 'Nelson', 'Colombie-Britannique', 14),
(182, NULL, '1122 10th Ave', 'V1L 1G5', 'Trail', 'Colombie-Britannique', 15),
(183, 1, '5634 11th St', 'V2B 4M2', 'Kamloops', 'Colombie-Britannique', 16),
(184, NULL, '2718 12th St', 'V3K 4L5', 'Prince George', 'Colombie-Britannique', 17),
(185, NULL, '1350 13th Ave', 'V0A 1C6', 'Golden', 'Colombie-Britannique', 18),
(186, NULL, '4567 14th St', 'V8T 1M3', 'Victoria', 'Colombie-Britannique', 19),
(187, NULL, '7890 15th Ave', 'V7P 1X4', 'North Vancouver', 'Colombie-Britannique', 20),
(188, NULL, '1001 16th St', 'V3E 1K5', 'Surrey', 'Colombie-Britannique', 21),
(199, NULL, '3456 24th St', 'V4R 2N9', 'Burnaby', 'Colombie-Britannique', 22),
(200, NULL, '2345 25th Ave', 'V6B 1Y4', 'Vancouver', 'Colombie-Britannique', 23),
(201, NULL, '1234 26th St', 'V7N 3Z4', 'Langley', 'Colombie-Britannique', 24),
(202, NULL, '5678 27th Ave', 'V0E 2B3', 'Revelstoke', 'Colombie-Britannique', 25),
(203, NULL, '7890 28th St', 'V9A 4R1', 'Abbotsford', 'Colombie-Britannique', 26),
(204, NULL, '9012 29th St', 'V4A 1B5', 'Chilliwack', 'Colombie-Britannique', 27),
(205, NULL, '1225 1st Ave', 'S4X 1V2', 'Regina', 'Saskatchewan', 28),
(206, NULL, '2334 2nd St', 'S6H 4J8', 'Saskatoon', 'Saskatchewan', 29),
(207, NULL, '3445 3rd Ave', 'S7J 1K3', 'Moose Jaw', 'Saskatchewan', 30),
(208, 2, '4567 4th St', 'S4P 2L9', 'Swift Current', 'Saskatchewan', 31),
(209, NULL, '5678 5th Ave', 'S3N 5K7', 'Prince Albert', 'Saskatchewan', 32),
(210, NULL, '6789 6th St', 'S9N 3P5', 'North Battleford', 'Saskatchewan', 33),
(211, NULL, '7890 7th Ave', 'S6W 2T6', 'Yorkton', 'Saskatchewan', 34),
(212, NULL, '8901 8th St', 'S4S 3G4', 'Estevan', 'Saskatchewan', 35),
(213, NULL, '9012 9th Ave', 'S7L 4P9', 'Weyburn', 'Saskatchewan', 36),
(214, NULL, '1234 10th St', 'S8P 5N3', 'La Ronge', 'Saskatchewan', 37),
(215, NULL, '2345 11th Ave', 'M5A 1A1', 'Toronto', 'Ontario', 38),
(216, NULL, '3456 12th St', 'L3R 2Y2', 'Ottawa', 'Ontario', 39),
(217, NULL, '4567 13th Ave', 'K8N 3C1', 'Kingston', 'Ontario', 40),
(218, NULL, '5678 14th St', 'N6A 4A2', 'London', 'Ontario', 41),
(219, NULL, '6789 15th Ave', 'M2N 1P4', 'Brampton', 'Ontario', 42),
(220, NULL, '1234 Rue de la Montagne', 'H2X 1Y1', 'Montréal', 'Québec', 43),
(221, NULL, '2345 Rue Sherbrooke', 'G1R 1Z2', 'Québec', 'Québec', 44),
(222, NULL, '3456 Boulevard St-Laurent', 'J3A 2B4', 'Laval', 'Québec', 45),
(223, NULL, '4567 Rue St-Denis', 'H3E 1A5', 'Longueuil', 'Québec', 46),
(224, NULL, '5678 Avenue du Parc', 'J8X 4E5', 'Gatineau', 'Québec', 47),
(101, NULL, '1234 1st Ave', 'T2X 1A3', 'Calgary', 'Alberta', 48),
(102, NULL, '5678 2nd St', 'T5P 2K6', 'Edmonton', 'Alberta', 49),
(103, NULL, '9101 3rd Ave', 'T3A 1B7', 'Red Deer', 'Alberta', 50),
(104, NULL, '2345 4th St', 'T1J 2C9', 'Fort McMurray', 'Alberta', 51),
(105, NULL, '6789 5th Ave', 'T4B 3R2', 'Lethbridge', 'Alberta', 52),
(106, NULL, '3456 6th St', 'T2N 4X1', 'Grande Prairie', 'Alberta', 53),
(107, NULL, '7890 7th Ave', 'T1S 4C5', 'Medicine Hat', 'Alberta', 54),
(108, NULL, '1234 8th St', 'T7Y 5D3', 'St. Albert', 'Alberta', 55),
(109, NULL, '5678 9th Ave', 'T6H 3M7', 'Jasper', 'Alberta', 56),
(110, NULL, '9101 10th St', 'T2E 4L8', 'Airdrie', 'Alberta', 57),
(111, NULL, '2345 11th Ave', 'T3X 5N1', 'Sherwood Park', 'Alberta', 58),
(112, NULL, '3456 12th St', 'T4C 2Y6', 'Cold Lake', 'Alberta', 59),
(113, NULL, '5678 13th Ave', 'T5S 6V7', 'Fort Saskatchewan', 'Alberta', 60),
(114, NULL, '7890 14th St', 'T1X 2J5', 'Bonnyville', 'Alberta', 61),
(115, NULL, '1234 15th Ave', 'T9V 3X8', 'Red Deer', 'Alberta', 62),
(116, NULL, '5678 16th St', 'T2M 4Y1', 'Okotoks', 'Alberta', 63),
(117, NULL, '9101 17th Ave', 'T7J 1S9', 'Stony Plain', 'Alberta', 64),
(118, NULL, '2345 18th St', 'T6K 2B4', 'Hinton', 'Alberta', 65),
(119, NULL, '3456 19th Ave', 'T3B 4N8', 'Spruce Grove', 'Alberta', 66),
(120, NULL, '5678 20th St', 'T1A 3Z5', 'Leduc', 'Alberta', 67),
(121, NULL, '7890 21st Ave', 'T2H 1L7', 'St. Albert', 'Alberta', 68),
(122, NULL, '1234 22nd St', 'T8N 3F1', 'Sherwood Park', 'Alberta', 69),
(123, NULL, '5678 23rd Ave', 'T4P 2J6', 'Grande Prairie', 'Alberta', 70),
(124, NULL, '9101 24th St', 'T7X 1M3', 'Edmonton', 'Alberta', 71),
(125, NULL, '2345 25th Ave', 'T2P 2K9', 'Fort McMurray', 'Alberta', 72),
(126, NULL, '3456 26th St', 'T4J 1Y4', 'Lethbridge', 'Alberta', 73),
(127, NULL, '5678 27th Ave', 'T9H 5W3', 'Cold Lake', 'Alberta', 74),
(128, NULL, '7890 28th St', 'T2R 4P2', 'Medicine Hat', 'Alberta', 75),
(129, NULL, '1234 29th Ave', 'T3J 1V6', 'St. Albert', 'Alberta', 76),
(130, NULL, '5678 30th St', 'T5A 1N5', 'Jasper', 'Alberta', 77),
(131, NULL, '9101 31st Ave', 'T6R 4P7', 'Red Deer', 'Alberta', 78),
(132, NULL, '2345 32nd St', 'T1C 3X4', 'Grande Prairie', 'Alberta', 79),
(133, NULL, '3456 33rd Ave', 'T3X 5W9', 'Fort Saskatchewan', 'Alberta', 80),
(134, NULL, '5678 34th St', 'T2S 1P3', 'Okotoks', 'Alberta', 81),
(135, NULL, '7890 35th Ave', 'T7Z 1K8', 'Bonnyville', 'Alberta', 82),
(136, NULL, '1234 36th St', 'T1S 2G3', 'Hinton', 'Alberta', 83),
(137, NULL, '5678 37th Ave', 'T8L 4H5', 'Stony Plain', 'Alberta', 84),
(138, NULL, '9101 38th St', 'T3E 2B6', 'Spruce Grove', 'Alberta', 85),
(139, NULL, '2345 39th Ave', 'T2J 1V2', 'Cold Lake', 'Alberta', 86),
(140, NULL, '3456 40th St', 'T5B 3C7', 'Leduc', 'Alberta', 87),
(141, NULL, '5678 41st Ave', 'T4R 4B3', 'Sherwood Park', 'Alberta', 88),
(142, NULL, '7890 42nd St', 'T9V 1F2', 'Edmonton', 'Alberta', 89),
(143, NULL, '1234 43rd Ave', 'T2A 2H6', 'St. Albert', 'Alberta', 90),
(144, NULL, '5678 44th St', 'T4E 3X8', 'Fort McMurray', 'Alberta', 91),
(145, NULL, '9101 45th Ave', 'T3B 4Z2', 'Lethbridge', 'Alberta', 92),
(146, NULL, '2345 46th St', 'T7Y 2B7', 'Grande Prairie', 'Alberta', 93),
(147, NULL, '3456 47th Ave', 'T4J 2V1', 'Red Deer', 'Alberta', 94),
(148, NULL, '5678 48th St', 'T2H 5L9', 'Fort McMurray', 'Alberta', 95),
(149, NULL, '7890 49th Ave', 'T1N 3X7', 'Medicine Hat', 'Alberta', 96),
(150, NULL, '1234 50th St', 'T9J 1A4', 'Okotoks', 'Alberta', 97),
(151, NULL, '5678 51st Ave', 'T5K 1W9', 'Jasper', 'Alberta', 98),
(152, NULL, '9101 52nd St', 'T4P 3M7', 'St. Albert', 'Alberta', 99),
(153, NULL, '2345 53rd Ave', 'T3J 1N2', 'Sherwood Park', 'Alberta', 100),
(154, NULL, '3456 54th St', 'T5T 2P5', 'Leduc', 'Alberta', 101),
(155, NULL, '5678 55th Ave', 'T7N 3Z1', 'Grande Prairie', 'Alberta', 102),
(156, NULL, '7890 56th St', 'T8S 4R6', 'Cold Lake', 'Alberta', 103),
(157, NULL, '1234 57th Ave', 'T9V 5L8', 'Fort McMurray', 'Alberta', 104),
(158, NULL, '5678 58th St', 'T3B 1K9', 'Medicine Hat', 'Alberta', 105),
(159, NULL, '9101 59th Ave', 'T4E 6N1', 'Bonnyville', 'Alberta', 106),
(160, NULL, '2345 60th St', 'T1G 2X4', 'Okotoks', 'Alberta', 107),
(161, NULL, '3456 61st Ave', 'T7S 3C9', 'Hinton', 'Alberta', 108),
(162, NULL, '5678 62nd St', 'T2M 4L6', 'Spruce Grove', 'Alberta', 109),
(163, NULL, '7890 63rd Ave', 'T4Y 2W3', 'Stony Plain', 'Alberta', 110),
(164, NULL, '1234 64th St', 'T3E 5J7', 'Red Deer', 'Alberta', 111),
(165, NULL, '5678 65th Ave', 'T2T 1P8', 'Leduc', 'Alberta', 112),
(166, NULL, '9101 66th St', 'T8R 4B2', 'Fort McMurray', 'Alberta', 113),
(167, NULL, '2345 67th Ave', 'T1X 3L5', 'Grande Prairie', 'Alberta', 114),
(168, NULL, '3456 68th St', 'T9L 2G6', 'Cold Lake', 'Alberta', 115),
(169, NULL, '5678 69th Ave', 'T7X 4P3', 'Sherwood Park', 'Alberta', 12),
(170, NULL, '7890 70th St', 'T4P 5W8', 'Okotoks', 'Alberta', 70);

GO

INSERT INTO Clients.PasseSaison(Type, ClientID)
VALUES 
('Individuel', 1),
('Familiale', 2),
('Ikon Pass', 3),
('Individuel', 4),
('Familiale', 5),
('Ikon Pass', 6),
('Individuel', 7),
('Familiale', 8),
('Ikon Pass', 9),
('Individuel', 10),
('Familiale', 11),
('Ikon Pass', 12),
('Individuel', 13),
('Familiale', 14),
('Ikon Pass', 15),
('Individuel', 16),
('Familiale', 17),
('Ikon Pass', 18),
('Individuel', 19),
('Familiale', 20),
('Ikon Pass', 21),
('Individuel', 22),
('Familiale', 23),
('Ikon Pass', 24),
('Individuel', 25),
('Familiale', 26),
('Ikon Pass', 27),
('Individuel', 28),
('Familiale', 29),
('Ikon Pass', 30),
('Individuel', 31),
('Familiale', 32),
('Ikon Pass', 33),
('Individuel', 34),
('Familiale', 35),
('Ikon Pass', 36),
('Individuel', 37),
('Familiale', 38),
('Ikon Pass', 39),
('Individuel', 40),
('Familiale', 41),
('Ikon Pass', 42),
('Individuel', 43),
('Familiale', 44),
('Ikon Pass', 45),
('Individuel', 46),
('Familiale', 47),
('Ikon Pass', 48),
('Individuel', 49),
('Familiale', 50),
('Ikon Pass', 51),
('Individuel', 52),
('Familiale', 53),
('Ikon Pass', 54),
('Individuel', 55),
('Familiale', 56),
('Ikon Pass', 57),
('Individuel', 58),
('Familiale', 59),
('Ikon Pass', 60),
('Individuel', 61),
('Familiale', 62),
('Ikon Pass', 63),
('Individuel', 64),
('Familiale', 65),
('Ikon Pass', 66),
('Individuel', 67),
('Familiale', 68),
('Ikon Pass', 69),
('Individuel', 70),
('Familiale', 71),
('Ikon Pass', 72),
('Individuel', 73),
('Familiale', 74),
('Ikon Pass', 75),
('Individuel', 76),
('Familiale', 77),
('Ikon Pass', 78),
('Individuel', 79),
('Familiale', 80),
('Ikon Pass', 81),
('Individuel', 82),
('Familiale', 83),
('Ikon Pass', 84),
('Individuel', 85),
('Familiale', 86),
('Ikon Pass', 87),
('Individuel', 88),
('Familiale', 89),
('Ikon Pass', 90),
('Individuel', 91),
('Familiale', 92),
('Ikon Pass', 93),
('Individuel', 94),
('Familiale', 95),
('Ikon Pass', 96),
('Individuel', 97),
('Familiale', 98),
('Ikon Pass', 99),
('Individuel', 100),
('Familiale', 101),
('Ikon Pass', 102),
('Individuel', 103),
('Familiale', 104),
('Ikon Pass', 105),
('Individuel', 106),
('Familiale', 107),
('Ikon Pass', 108),
('Individuel', 109),
('Familiale', 110),
('Ikon Pass', 111),
('Individuel', 112),
('Familiale', 113),
('Ikon Pass', 114),
('Individuel', 115);

GO 



INSERT INTO Clients.Visite(DateVisite, PasseSaisonID)
VALUES 
('2024-10-28', 1),
('2024-11-05', 1),
('2024-10-30', 2),
('2024-11-10', 2),
('2024-10-29', 3),
('2024-11-12', 3),
('2024-10-30', 4),
('2024-11-06', 4),
('2024-10-25', 5),
('2024-11-08', 5),
('2024-10-27', 6),
('2024-11-15', 6),
('2024-10-30', 7),
('2024-11-13', 7),
('2024-10-29', 8),
('2024-11-20', 8),
('2024-11-01', 9),
('2024-11-07', 9),
('2024-10-28', 10),
('2024-11-10', 10),
('2024-10-29', 11),
('2024-11-18', 11),
('2024-11-02', 12),
('2024-11-09', 12),
('2024-11-01', 13),
('2024-11-07', 13),
('2024-10-26', 14),
('2024-11-13', 14),
('2024-10-30', 15),
('2024-11-05', 15),
('2024-10-25', 16),
('2024-11-02', 16),
('2024-10-28', 17),
('2024-11-11', 17),
('2024-11-04', 18),
('2024-11-10', 18),
('2024-10-27', 19),
('2024-11-15', 19),
('2024-10-29', 20),
('2024-11-20', 20),
('2024-11-02', 21),
('2024-11-12', 21),
('2024-10-28', 22),
('2024-11-06', 22),
('2024-11-01', 23),
('2024-11-08', 23),
('2024-11-03', 24),
('2024-11-13', 24),
('2024-10-25', 25),
('2024-11-01', 25),
('2024-11-02', 26),
('2024-11-05', 26),
('2024-10-30', 27),
('2024-11-10', 27),
('2024-11-03', 28),
('2024-11-06', 28),
('2024-11-01', 29),
('2024-11-04', 29),
('2024-10-28', 30),
('2024-11-07', 30),
('2024-10-30', 31),
('2024-11-14', 31),
('2024-10-29', 32),
('2024-11-10', 32),
('2024-10-28', 33),
('2024-11-02', 33),
('2024-10-27', 34),
('2024-11-05', 34),
('2024-10-30', 35),
('2024-11-13', 35),
('2024-11-01', 36),
('2024-11-10', 36),
('2024-10-29', 37),
('2024-11-15', 37),
('2024-11-02', 38),
('2024-11-08', 38),
('2024-10-25', 39),
('2024-11-10', 39),
('2024-11-03', 40),
('2024-11-09', 40),
('2024-10-28', 41),
('2024-11-01', 41),
('2024-10-27', 42),
('2024-11-15', 42),
('2024-11-02', 43),
('2024-11-06', 43),
('2024-10-30', 44),
('2024-11-10', 44),
('2024-11-04', 45),
('2024-11-09', 45),
('2024-11-01', 46),
('2024-11-05', 46),
('2024-10-29', 47),
('2024-11-10', 47),
('2024-10-30', 48),
('2024-11-15', 48),
('2024-10-27', 49),
('2024-11-12', 49),
('2024-10-29', 50),
('2024-11-08', 50),
('2024-11-01', 51),
('2024-11-06', 51),
('2024-10-28', 52),
('2024-11-13', 52),
('2024-11-02', 53),
('2024-11-09', 53),
('2024-11-04', 54),
('2024-11-10', 54),
('2024-10-25', 55),
('2024-11-02', 55),
('2024-10-29', 56),
('2024-11-07', 56),
('2024-11-03', 57),
('2024-11-13', 57),
('2024-10-30', 58),
('2024-11-04', 58),
('2024-11-02', 59),
('2024-11-10', 59),
('2024-10-28', 60),
('2024-11-12', 60),
('2024-10-29', 61),
('2024-11-07', 61),
('2024-11-03', 62),
('2024-11-08', 62),
('2024-11-01', 63),
('2024-11-10', 63),
('2024-10-25', 64),
('2024-11-02', 64),
('2024-10-27', 65),
('2024-11-06', 65),
('2024-11-01', 66),
('2024-11-05', 66),
('2024-10-29', 67),
('2024-11-14', 67),
('2024-11-10', 68),
('2024-11-02', 68),
('2024-10-25', 69),
('2024-11-07', 69),
('2024-10-28', 70),
('2024-11-01', 70),
('2024-11-05', 71),
('2024-11-11', 71),
('2024-11-09', 72),
('2025-02-01', 72),
('2025-02-28', 73),
('2025-03-02', 73),
('2025-02-10', 74),
('2025-02-05', 74),
('2025-02-27', 75),
('2025-02-04', 75),
('2025-02-28', 76),
('2025-02-05', 76),
('2025-02-20', 77),
('2025-02-10', 77),
('2025-02-28', 78),
('2025-02-12', 78),
('2025-02-26', 79),
('2025-02-06', 79),
('2025-02-25', 80),
('2025-02-08', 80),
('2025-02-27', 81),
('2025-02-15', 81),
('2025-02-20', 82),
('2025-02-13', 82),
('2025-02-28', 83),
('2025-02-20', 83),
('2025-01-03', 84),
('2025-01-18', 84),
('2024-11-26', 85),
('2024-11-28', 85),
('2025-03-05', 86),
('2025-03-07', 86),
('2025-01-26', 87),
('2025-02-03', 87),
('2025-01-22', 88),
('2025-02-04', 88),
('2024-10-31', 89),
('2024-11-13', 89),
('2025-02-05', 90),
('2025-02-08', 90),
('2025-01-26', 91),
('2025-02-05', 91),
('2025-01-25', 92),
('2025-02-02', 92),
('2024-12-22', 93),
('2024-12-30', 93),
('2024-11-13', 94),
('2024-11-26', 94),
('2025-01-13', 95),
('2025-01-21', 95),
('2025-01-08', 96),
('2025-01-21', 96),
('2025-02-21', 97),
('2025-02-28', 97),
('2025-02-04', 98),
('2025-02-10', 98),
('2024-10-29', 99),
('2024-11-09', 99),
('2025-02-01', 100),
('2025-02-03', 100),
('2024-11-20', 101),
('2024-12-02', 101),
('2025-01-14', 102),
('2025-01-28', 102),
('2024-12-05', 103),
('2024-12-18', 103),
('2025-02-14', 104),
('2025-02-27', 104),
('2025-01-06', 105),
('2025-01-18', 105),
('2025-03-02', 106),
('2025-03-10', 106),
('2024-12-09', 107),
('2024-12-22', 107),
('2025-01-30', 108),
('2025-02-10', 108),
('2024-11-08', 109),
('2024-11-21', 109),
('2025-02-11', 110),
('2025-02-18', 110),
('2025-01-09', 111),
('2025-01-20', 111),
('2024-12-17', 112),
('2024-12-28', 112),
('2025-02-19', 113),
('2025-02-28', 113),
('2025-01-16', 114),
('2025-01-24', 114),
('2024-12-14', 115),
('2024-12-29', 115);

GO

INSERT INTO Clients.AchatPasseSaison(PasseSaisonID, DateAchat)
VALUES 
(1, '2024-02-01'),
(2, '2024-02-01'),
(3, '2024-02-05'),
(4, '2024-02-07'),
(5, '2024-02-07'),
(6, '2024-02-10'),
(7, '2024-02-13'),
(8, '2024-02-15'),
(9, '2024-02-15'),
(10, '2024-02-18'),
(11, '2024-02-20'),
(12, '2024-02-20'),
(13, '2024-02-25'),
(14, '2024-02-27'),
(15, '2024-02-27'),
(16, '2024-03-01'),
(17, '2024-03-04'),
(18, '2024-03-06'),
(19, '2024-03-06'),
(20, '2024-03-09'),
(21, '2024-03-12'),
(22, '2024-03-12'),
(23, '2024-03-16'),
(24, '2024-03-18'),
(25, '2024-03-18'),
(26, '2024-03-22'),
(27, '2024-03-24'),
(28, '2024-03-24'),
(29, '2024-03-28'),
(30, '2024-03-30'),
(31, '2024-04-01'),
(32, '2024-04-01'),
(33, '2024-04-05'),
(34, '2024-04-07'),
(35, '2024-04-07'),
(36, '2024-04-10'),
(37, '2024-04-13'),
(38, '2024-04-15'),
(39, '2024-04-15'),
(40, '2024-04-18'),
(41, '2024-04-21'),
(42, '2024-04-21'),
(43, '2024-04-25'),
(44, '2024-04-27'),
(45, '2024-04-27'),
(46, '2024-05-01'),
(47, '2024-05-03'),
(48, '2024-05-05'),
(49, '2024-05-05'),
(50, '2024-05-09'),
(51, '2024-05-12'),
(52, '2024-05-12'),
(53, '2024-05-15'),
(54, '2024-05-17'),
(55, '2024-05-17'),
(56, '2024-05-21'),
(57, '2024-05-23'),
(58, '2024-05-23'),
(59, '2024-05-27'),
(60, '2024-05-30'),
(61, '2024-06-01'),
(62, '2024-06-01'),
(63, '2024-06-04'),
(64, '2024-06-06'),
(65, '2024-06-06'),
(66, '2024-06-10'),
(67, '2024-06-12'),
(68, '2024-06-12'),
(69, '2024-06-16'),
(70, '2024-06-18'),
(71, '2024-06-18'),
(72, '2024-06-22'),
(73, '2024-06-24'),
(74, '2024-06-24'),
(75, '2024-06-28'),
(76, '2024-06-30'),
(77, '2024-07-02'),
(78, '2024-07-02'),
(79, '2024-07-06'),
(80, '2024-07-08'),
(81, '2024-07-08'),
(82, '2024-07-12'),
(83, '2024-07-14'),
(84, '2024-07-14'),
(85, '2024-07-18'),
(86, '2024-07-20'),
(87, '2024-07-20'),
(88, '2024-07-24'),
(89, '2024-07-26'),
(90, '2024-07-26'),
(91, '2024-07-30'),
(92, '2024-02-02'),
(93, '2024-02-04'),
(94, '2024-02-06'),
(95, '2024-02-08'),
(96, '2024-02-08'),
(97, '2024-02-12'),
(98, '2024-02-14'),
(99, '2024-02-14'),
(100, '2024-02-18'),
(101, '2024-02-20'),
(102, '2024-02-20'),
(103, '2024-02-24'),
(104, '2024-02-26'),
(105, '2024-02-26'),
(106, '2024-03-01'),
(107, '2024-03-03'),
(108, '2024-03-05'),
(109, '2024-03-07'),
(110, '2024-03-07'),
(111, '2024-03-11'),
(112, '2024-03-13'),
(113, '2024-03-13'),
(114, '2024-03-17'),
(115, '2024-03-19');

GO

INSERT INTO Clients.Descente(HeureDescente, PisteID, VisiteID)
VALUES
('09:00:00', 1, 1),
('09:00:00', 1, 1),
('09:00:00', 1, 1),
('09:00:00', 1, 1),
('09:00:00', 1, 1),
('09:00:00', 1, 1),
('09:00:00', 1, 1),
('09:00:00', 1, 1),
('09:15:00', 45, 1),
('09:30:00', 23, 1),
('09:00:00', 37, 2),
('09:15:00', 73, 2),
('09:30:00', 68, 2),
('09:00:00', 9, 3),
('09:15:00', 9, 3),
('09:30:00', 71, 3),
('09:00:00', 55, 4),
('09:15:00', 13, 4),
('09:30:00', 21, 4),
('09:00:00', 6, 5),
('09:15:00', 29, 5),
('09:30:00', 34, 5),
('09:00:00', 78, 6),
('09:15:00', 44, 6),
('09:30:00', 39, 6),
('09:00:00', 32, 7),
('09:15:00', 11, 7),
('09:30:00', 63, 7),
('09:00:00', 22, 8),
('09:15:00', 70, 8),
('09:30:00', 26, 8),
('09:00:00', 46, 9),
('09:15:00', 61, 9),
('09:30:00', 56, 9),
('09:00:00', 18, 10),
('09:15:00', 48, 10),
('09:30:00', 76, 10),
('09:00:00', 67, 11),
('09:15:00', 49, 11),
('09:30:00', 65, 11),
('09:00:00', 24, 12),
('09:15:00', 14, 12),
('09:30:00', 36, 12),
('09:00:00', 17, 13),
('09:15:00', 59, 13),
('09:30:00', 66, 13),
('09:00:00', 30, 14),
('09:15:00', 47, 14),
('09:30:00', 72, 14),
('09:00:00', 42, 15),
('09:15:00', 14, 15),
('09:30:00', 28, 15),
('09:00:00', 62, 16),
('09:15:00', 37, 16),
('09:30:00', 33, 16),
('09:00:00', 40, 17),
('09:15:00', 73, 17),
('09:30:00', 43, 17),
('09:00:00', 64, 18),
('09:15:00', 12, 18),
('09:30:00', 57, 18),
('09:00:00', 74, 19),
('09:15:00', 60, 19),
('09:30:00', 25, 19),
('09:00:00', 75, 20),
('09:15:00', 51, 20),
('09:30:00', 69, 20),
('09:00:00', 38, 21),
('09:15:00', 8, 21),
('09:30:00', 52, 21),
('09:00:00', 4, 22),
('09:15:00', 2, 22),
('09:30:00', 33, 22),
('09:00:00', 28, 23),
('09:15:00', 76, 23),
('09:30:00', 13, 23),
('09:00:00', 54, 24),
('09:15:00', 9, 24),
('09:30:00', 11, 24),
('09:00:00', 31, 25),
('09:15:00', 48, 25),
('09:30:00', 50, 25),
('09:00:00', 22, 26),
('09:15:00', 44, 26),
('09:30:00', 72, 26),
('09:00:00', 22, 27),
('09:15:00', 64, 27),
('09:30:00', 33, 27),
('09:00:00', 58, 28),
('09:15:00', 20, 28),
('09:30:00', 27, 28),
('09:00:00', 53, 29),
('09:15:00', 36, 29),
('09:30:00', 32, 29),
('09:00:00', 51, 30),
('09:15:00', 26, 30),
('09:30:00', 8, 30),
('09:00:00', 69, 31),
('09:15:00', 42, 31),
('09:30:00', 49, 31),
('09:00:00', 74, 32),
('09:15:00', 66, 32),
('09:30:00', 13, 32),
('09:00:00', 30, 33),
('09:15:00',16, 33),
('09:30:00', 12, 33),
('09:00:00', 64, 34),
('09:15:00', 2, 34),
('09:30:00', 41, 34),
('09:00:00', 19, 35),
('09:15:00', 11, 35),
('09:30:00', 18, 35),
('09:00:00', 25, 36),
('09:15:00', 38, 36),
('09:30:00', 12, 36),
('09:00:00', 51, 37),
('09:15:00', 23, 37),
('09:30:00', 76, 37),
('09:00:00', 42, 38),
('09:15:00', 58, 38),
('09:30:00', 27, 38),
('09:00:00', 13, 39),
('09:15:00', 44, 39),
('09:30:00', 18, 39),
('09:00:00', 9, 40),
('09:15:00', 26, 40),
('09:30:00', 72, 40),
('09:00:00', 73, 41),
('09:15:00', 19, 41),
('09:30:00', 3, 41),
('09:00:00', 34, 42),
('09:15:00', 56, 42),
('09:30:00', 18, 42),
('09:00:00', 28, 43),
('09:15:00', 74, 43),
('09:30:00', 49, 43),
('09:00:00', 31, 44),
('09:15:00', 55, 44),
('09:30:00', 65, 44),
('09:00:00', 48, 45),
('09:15:00', 32, 45),
('09:30:00', 22, 45),
('09:00:00', 43, 46),
('09:15:00', 59, 46),
('09:30:00', 12, 46),
('09:00:00', 26, 47),
('09:15:00', 68, 47),
('09:30:00', 7, 47),
('09:00:00', 38, 48),
('09:15:00', 72, 48),
('09:30:00', 10, 48),
('09:00:00', 56, 49),
('09:15:00', 67, 49),
('09:30:00', 34, 49),
('09:00:00', 32, 50),
('09:15:00', 22, 50),
('09:30:00', 74, 50),
('09:00:00', 75, 51),
('09:15:00', 28, 51),
('09:30:00', 63, 51),
('09:00:00', 68, 52),
('09:15:00', 41, 52),
('09:30:00', 36, 52),
('09:00:00', 8, 53),
('09:15:00', 13, 53),
('09:30:00', 9, 53),
('09:00:00', 70, 54),
('09:15:00', 59, 54),
('09:30:00', 66, 54),
('09:00:00', 17, 55),
('09:15:00', 72, 55),
('09:30:00', 19, 55),
('09:00:00', 23, 56),
('09:15:00', 54, 56),
('09:30:00', 27, 56),
('09:00:00', 54, 57),
('09:15:00', 15, 57),
('09:30:00', 47, 57),
('09:00:00', 10, 58),
('09:15:00', 54, 58),
('09:30:00', 46, 58),
('09:00:00', 26, 59),
('09:15:00', 6, 59),
('09:30:00', 8, 59),
('09:00:00', 75, 60),
('09:15:00', 29, 60),
('09:30:00', 33, 60),
('09:00:00', 19, 61),
('09:15:00', 64, 61),
('09:30:00', 13, 61),
('09:00:00', 47, 62),
('09:15:00', 62, 62),
('09:30:00', 41, 62),
('09:00:00', 57, 63),
('09:15:00', 49, 63),
('09:30:00', 28, 63),
('09:00:00', 38, 64),
('09:15:00', 18, 64),
('09:30:00', 52, 64),
('09:00:00', 10, 65),
('09:15:00', 13, 65),
('09:30:00', 62, 65),
('09:00:00', 25, 66),
('09:15:00', 66, 66),
('09:30:00', 72, 66),
('09:00:00', 68, 67),
('09:15:00', 42, 67),
('09:30:00', 53, 67),
('09:00:00', 33, 68),
('09:15:00', 36, 68),
('09:30:00', 77, 68),
('09:00:00', 52, 69),
('09:15:00', 75, 69),
('09:30:00', 41, 69),
('09:00:00', 18, 70),
('09:15:00', 15, 70),
('09:30:00', 34, 70),
('09:00:00', 69, 71),
('09:15:00', 56, 71),
('09:30:00', 31, 71),
('09:00:00', 26, 72),
('09:15:00', 41, 72),
('09:30:00', 37, 72),
('09:00:00', 62, 73),
('09:15:00', 10, 73),
('09:30:00', 33, 73),
('09:00:00', 71, 74),
('09:15:00', 44, 74),
('09:30:00', 23, 74),
('09:00:00', 68, 75),
('09:15:00', 64, 75),
('09:30:00', 53, 75),
('09:00:00', 55, 76),
('09:15:00', 75, 76),
('09:30:00', 22, 76),
('09:00:00', 47, 77),
('09:15:00', 38, 77),
('09:30:00', 12, 77),
('09:00:00', 44, 78),
('09:15:00', 26, 78),
('09:30:00', 34, 78),
('09:00:00', 10, 79),
('09:15:00', 68, 79),
('09:30:00', 33, 79),
('09:00:00', 52, 80),
('09:15:00', 64, 80),
('09:30:00', 75, 80),
('09:00:00', 41, 81),
('09:15:00', 13, 81),
('09:30:00', 31, 81),
('09:00:00', 10, 82),
('09:15:00', 38, 82),
('09:30:00', 55, 82),
('09:00:00', 70, 83),
('09:15:00', 41, 83),
('09:30:00', 61, 83),
('09:00:00', 60, 84),
('09:15:00', 43, 84),
('09:30:00', 23, 84),
('09:00:00', 22, 85),
('09:15:00', 28, 85),
('09:30:00', 28, 85),
('09:00:00', 2, 86),
('09:15:00', 75, 86),
('09:30:00', 32, 86),
('09:00:00', 31, 87),
('09:15:00', 41, 87),
('09:30:00', 54, 87),
('09:00:00', 62, 88),
('09:15:00', 11, 88),
('09:30:00', 23, 88),
('09:00:00', 45, 89),
('09:15:00', 32, 89),
('09:30:00', 29, 89),
('09:00:00', 78, 90),
('09:15:00', 19, 90),
('09:30:00', 16, 90),
('09:00:00', 55, 91),
('09:15:00', 33, 91),
('09:30:00', 72, 91),
('09:00:00', 56, 92),
('09:15:00', 47, 92),
('09:30:00', 13, 92),
('09:00:00', 38, 93),
('09:15:00', 19, 93),
('09:30:00', 26, 93),
('09:00:00', 60, 94),
('09:15:00', 32, 94),
('09:30:00', 72, 94),
('09:00:00', 48, 95),
('09:15:00', 25, 95),
('09:30:00', 50, 95),
('09:00:00', 77, 96),
('09:15:00', 54, 96),
('09:30:00', 64, 96),
('09:00:00', 29, 97),
('09:15:00', 41, 97),
('09:30:00', 28, 97),
('09:00:00', 51, 98),
('09:15:00', 5, 98),
('09:30:00', 61, 98),
('09:00:00', 8, 99),
('09:15:00', 36, 99),
('09:30:00', 75, 99),
('09:00:00', 64, 100),
('09:15:00', 45, 100),
('09:30:00', 60, 100),
('09:00:00', 35, 101),
('09:15:00',16, 101),
('09:30:00', 42, 101),
('09:00:00', 41, 102),
('09:15:00', 58, 102),
('09:30:00', 12, 102),
('09:00:00', 54, 103),
('09:15:00', 28, 103),
('09:30:00', 10, 103),
('09:00:00', 29, 104),
('09:15:00', 44, 104),
('09:30:00', 72, 104),
('09:00:00', 5, 105),
('09:15:00', 61, 105),
('09:30:00', 47, 105),
('09:00:00', 25, 106),
('09:15:00', 54, 106),
('09:30:00', 36, 106),
('09:00:00', 13, 107),
('09:15:00', 69, 107),
('09:30:00', 78, 107),
('09:00:00', 68, 108),
('09:15:00', 62, 108),
('09:30:00', 19, 108),
('09:00:00', 9, 109),
('09:15:00', 41, 109),
('09:30:00', 33, 109),
('09:00:00', 72, 110),
('09:15:00', 56, 110),
('09:30:00', 77, 110),
('09:00:00', 13, 111),
('09:15:00', 47, 111),
('09:30:00', 32, 111),
('09:00:00', 38, 112),
('09:15:00', 44, 112),
('09:30:00', 18, 112),
('09:00:00', 7, 113),
('09:15:00', 64, 113),
('09:30:00', 29, 113),
('09:00:00', 78, 114),
('09:15:00', 18, 114),
('09:30:00', 12, 114),
('09:00:00', 49, 115),
('09:15:00', 70, 115),
('09:30:00', 63, 115),
('09:00:00', 33, 116),
('09:15:00', 75, 116),
('09:30:00', 51, 116),
('09:00:00', 12, 117),
('09:15:00', 72, 117),
('09:30:00', 19, 117),
('09:00:00', 64, 118),
('09:15:00', 41, 118),
('09:30:00', 78, 118),
('09:00:00', 23, 119),
('09:15:00', 75, 119),
('09:30:00', 30, 119),
('09:00:00', 68, 120),
('09:15:00', 33, 120),
('09:30:00', 49, 120),
('09:00:00', 20, 121),
('09:15:00', 45, 121),
('09:30:00', 70, 121),
('09:00:00', 31, 122),
('09:15:00', 41, 122),
('09:30:00', 19, 122),
('09:00:00', 77, 123),
('09:15:00', 38, 123),
('09:30:00', 62, 123),
('09:00:00', 72, 124),
('09:15:00', 41, 124),
('09:30:00', 18, 124),
('09:00:00', 38, 125),
('09:15:00', 30, 125),
('09:30:00', 75, 125),
('09:00:00', 64, 126),
('09:15:00', 60, 126),
('09:30:00', 70, 126),
('09:00:00', 67, 127),
('09:15:00', 72, 127),
('09:30:00', 33, 127),
('09:00:00', 19, 128),
('09:15:00', 12, 128),
('09:30:00', 5, 128),
('09:00:00', 78, 129),
('09:15:00', 68, 129),
('09:30:00', 56, 129),
('09:00:00', 32, 130),
('09:15:00', 45, 130),
('09:30:00', 18, 130),
('09:00:00', 41, 131),
('09:15:00', 38, 131),
('09:30:00', 13, 131),
('09:00:00', 19, 132),
('09:15:00', 23, 132),
('09:30:00', 33, 132),
('09:00:00', 40, 133),
('09:15:00', 70, 133),
('09:30:00', 64, 133),
('09:00:00', 45, 134),
('09:15:00', 62, 134),
('09:30:00', 70, 134),
('09:00:00', 75, 135),
('09:15:00', 31, 135),
('09:30:00', 12, 135),
('09:00:00', 30, 136),
('09:15:00', 12, 136),
('09:30:00', 77, 136),
('09:00:00', 41, 137),
('09:15:00', 19, 137),
('09:30:00', 75, 137),
('09:00:00', 68, 138),
('09:15:00', 70, 138),
('09:30:00', 33, 138),
('09:00:00', 64, 139),
('09:15:00', 62, 139),
('09:30:00', 18, 139),
('09:00:00', 12, 140),
('09:15:00', 20, 140),
('09:30:00', 75, 140),
('09:00:00', 70, 141),
('09:15:00', 69, 141),
('09:30:00', 32, 141),
('09:00:00', 33, 142),
('09:15:00', 19, 142),
('09:30:00', 67, 142),
('09:00:00', 75, 143),
('09:15:00', 18, 143),
('09:30:00', 72, 143),
('09:00:00', 68, 144),
('09:15:00', 64, 144),
('09:30:00', 70, 144),
('09:00:00', 62, 145),
('09:15:00', 33, 145),
('09:30:00', 41, 145),
('09:00:00', 12, 146),
('09:15:00', 38, 146),
('09:30:00', 18, 146),
('09:00:00', 30, 147),
('09:15:00', 72, 147),
('09:30:00', 5, 147),
('09:00:00', 50, 148),
('09:15:00', 75, 148),
('09:30:00', 39, 148),
('09:00:00', 77, 149),
('09:15:00', 41, 149),
('09:30:00', 19, 149),
('09:00:00', 33, 150),
('09:15:00', 12, 150),
('09:30:00', 62, 150),
('09:00:00', 27, 151),
('09:15:00', 70, 151),
('09:30:00', 41, 151),
('09:00:00', 18, 152),
('09:15:00', 30, 152),
('09:30:00', 64, 152),
('09:00:00', 75, 153),
('09:15:00', 77, 153),
('09:30:00', 19, 153),
('09:00:00', 62, 154),
('09:15:00', 20, 154),
('09:30:00', 33, 154),
('09:00:00', 41, 155),
('09:15:00', 30, 155),
('09:30:00', 56, 155),
('09:00:00', 64, 156),
('09:15:00', 18, 156),
('09:30:00', 70, 156),
('09:00:00', 19, 157),
('09:15:00', 12, 157),
('09:30:00', 5, 157),
('09:00:00', 21, 158),
('09:15:00', 18, 158),
('09:30:00', 75, 158),
('09:00:00', 10, 159),
('09:15:00', 41, 159),
('09:30:00', 62, 159),
('09:00:00', 30, 160),
('09:15:00', 56, 160),
('09:30:00', 77, 160),
('09:00:00', 33, 161),
('09:15:00', 41, 161),
('09:30:00', 18, 161),
('09:00:00', 64, 162),
('09:15:00', 21, 162),
('09:30:00', 19, 162),
('09:00:00', 70, 163),
('09:15:00', 50, 163),
('09:30:00', 5, 163),
('09:00:00', 75, 164),
('09:15:00', 77, 164),
('09:30:00', 18, 164),
('09:00:00', 33, 165),
('09:15:00', 70, 165),
('09:30:00', 12, 165),
('09:00:00', 56, 166),
('09:15:00', 75, 166),
('09:30:00', 69, 166),
('09:00:00', 71, 167),
('09:15:00', 5, 167),
('09:30:00', 62, 167),
('09:00:00', 33, 168),
('09:15:00', 19, 168),
('09:30:00', 41, 168),
('09:00:00', 12, 169),
('09:15:00', 11, 169),
('09:30:00', 56, 169),
('09:00:00', 70, 170),
('09:15:00', 5, 170),
('09:30:00', 33, 170),
('09:00:00', 21, 171),
('09:15:00', 19, 171),
('09:30:00', 50, 171),
('09:00:00', 56, 172),
('09:15:00', 33, 172),
('09:30:00', 41, 172),
('09:00:00', 68, 173),
('09:15:00', 70, 173),
('09:30:00', 15, 173),
('09:00:00', 33, 174),
('09:15:00', 78, 174),
('09:30:00', 18, 174),
('09:00:00', 75, 175),
('09:15:00', 62, 175),
('09:30:00', 71, 175),
('09:00:00', 18, 176),
('09:15:00', 75, 176),
('09:30:00', 33, 176),
('09:00:00', 70, 177),
('09:15:00', 50, 177),
('09:30:00', 2, 177),
('09:00:00', 19, 178),
('09:15:00', 33, 178),
('09:30:00', 18, 178),
('09:00:00', 77, 179),
('09:15:00', 56, 179),
('09:30:00', 33, 179),
('09:00:00', 70, 180),
('09:15:00', 54, 180),
('09:30:00', 5, 180),
('09:00:00', 23, 181),
('09:15:00', 18, 181),
('09:30:00', 71, 181),
('09:00:00', 56, 182),
('09:15:00', 33, 182),
('09:30:00', 18, 182),
('09:00:00', 75, 183),
('09:15:00', 1, 183),
('09:30:00', 77, 183),
('09:00:00', 50, 184),
('09:15:00', 33, 184),
('09:30:00', 70, 184),
('09:00:00', 5, 185),
('09:15:00', 77, 185),
('09:30:00', 18, 185),
('09:00:00', 56, 186),
('09:15:00', 70, 186),
('09:30:00', 33, 186),
('09:00:00', 77, 187),
('09:15:00', 1, 187),
('09:30:00', 18, 187),
('09:00:00', 75, 188),
('09:15:00', 33, 188),
('09:30:00', 18, 188),
('09:00:00', 70, 189),
('09:15:00', 33, 189),
('09:30:00', 7, 189),
('09:00:00', 18, 190),
('09:15:00', 56, 190),
('09:30:00', 70, 190),
('09:00:00', 33, 191),
('09:15:00', 31, 191),
('09:30:00', 73, 191),
('09:00:00', 77, 192),
('09:15:00', 56, 192),
('09:30:00', 33, 192),
('09:00:00', 75, 193),
('09:15:00', 70, 193),
('09:30:00', 3, 193),
('09:00:00', 33, 194),
('09:15:00', 77, 194),
('09:30:00', 70, 194),
('09:00:00', 56, 195),
('09:15:00', 33, 195),
('09:30:00', 33, 195),
('09:00:00', 70, 196),
('09:15:00', 4, 196),
('09:30:00', 8, 196),
('09:00:00', 33, 197),
('09:15:00', 70, 197),
('09:30:00', 56, 197),
('09:00:00', 33, 198),
('09:15:00', 56, 198),
('09:30:00', 78, 198),
('09:00:00', 70, 199),
('09:15:00', 33, 199),
('09:30:00', 5, 199),
('09:00:00', 8, 200),
('09:00:00', 35, 201),
('09:15:00', 77, 201),
('09:30:00', 9, 201),
('09:00:00', 41, 202),
('09:15:00', 58, 202),
('09:30:00', 12, 202),
('09:00:00', 54, 203),
('09:15:00', 28, 203),
('09:30:00', 10, 203),
('09:00:00', 29, 204),
('09:15:00', 44, 204),
('09:30:00', 72, 204),
('09:00:00',  1, 205),
('09:15:00', 61, 205),
('09:30:00', 47, 205),
('09:00:00', 25, 206),
('09:15:00', 54, 206),
('09:30:00', 36, 206),
('09:00:00', 13, 207),
('09:15:00', 50, 207),
('09:30:00', 78, 207),
('09:00:00', 68, 208),
('09:15:00', 62, 208),
('09:30:00', 19, 208),
('09:00:00', 9, 209),
('09:15:00', 41, 209),
('09:30:00', 33, 209),
('09:00:00', 72, 210),
('09:15:00', 56, 210),
('09:30:00', 37, 210),
('09:00:00', 13, 211),
('09:15:00', 47, 211),
('09:30:00', 32, 211),
('09:00:00', 38, 212),
('09:15:00', 44, 212),
('09:30:00', 18, 212),
('09:00:00', 78, 213),
('09:15:00', 33, 213),
('09:30:00', 50, 213),
('09:00:00', 22, 214),
('09:15:00', 77, 214),
('09:30:00', 18, 214),
('09:00:00', 39, 215),
('09:15:00', 56, 215),
('09:30:00', 75, 215),
('09:00:00', 13, 216),
('09:15:00', 44, 216),
('09:30:00', 70, 216),
('09:00:00', 40, 217),
('09:15:00', 33, 217),
('09:30:00', 19, 217),
('09:00:00', 46, 218),
('09:15:00', 37, 218),
('09:30:00', 56, 218),
('09:00:00', 68, 219),
('09:15:00', 22, 219),
('09:30:00', 35, 219),
('09:00:00', 50, 220),
('09:15:00', 78, 220),
('09:30:00', 44, 220),
('09:00:00', 36, 221),
('09:15:00', 19, 221),
('09:30:00', 73, 221),
('09:00:00', 72, 222),
('09:15:00', 47, 222),
('09:30:00', 10, 222),
('09:00:00', 54, 223),
('09:15:00', 33, 223),
('09:30:00', 75, 223),
('09:00:00', 29, 224),
('09:15:00', 70, 224),
('09:30:00', 23, 224),
('09:00:00', 12, 225),
('09:15:00', 41, 225),
('09:30:00', 22, 225),
('09:00:00', 37, 226),
('09:15:00', 39, 226),
('09:30:00', 50, 226),
('09:00:00', 18, 227),
('09:15:00', 47, 227),
('09:30:00', 44, 227),
('09:00:00', 78, 228),
('09:15:00', 33, 228),
('09:30:00', 25, 228),
('09:00:00', 68, 229),
('09:15:00', 22, 229),
('09:30:00', 47, 229),
('09:00:00', 35, 230),
('09:15:00', 50, 230),
('09:30:00', 72, 230); 
